{"val_physionet_utility": 0.287388344678731, "val_roc_auc": 0.8241475603196455, "val_average_precision": 0.08124985229221428, "val_balanced_accuracy": 0.7203126569585261, "method": "lgbm", "best_params": {"est__scale_pos_weight": 100, "est__num_leaves": 100, "est__n_estimators": 300, "est__learning_rate": 0.01, "est__boosting_type": "dart"}, "n_iter_search": 100, "runtime": 6067.93968462944}