{"physionet2019": {"train": {"tp_prevalence": 0.005267309361239907, "case_prevalence": 0.05244909537918427, "total_stays": 15863, "total_cases": 832}, "validation": {"tp_prevalence": 0.005045981129822047, "case_prevalence": 0.051915322580645164, "total_stays": 1984, "total_cases": 103}, "test": {"tp_prevalence": 0.005492504703526128, "case_prevalence": 0.052923387096774195, "total_stays": 1984, "total_cases": 105}}, "mimic": {"train": {"tp_prevalence": 0.12080960101996979, "case_prevalence": 0.2607700454374637, "total_stays": 29271, "total_cases": 7633}, "validation": {"tp_prevalence": 0.11925992463412496, "case_prevalence": 0.260655737704918, "total_stays": 3660, "total_cases": 954}, "test": {"tp_prevalence": 0.1164273558817273, "case_prevalence": 0.260655737704918, "total_stays": 3660, "total_cases": 954}}, "eicu": {"train": {"tp_prevalence": 0.036551168044982416, "case_prevalence": 0.08293144832749774, "total_stays": 45411, "total_cases": 3766}, "validation": {"tp_prevalence": 0.035282248060733365, "case_prevalence": 0.08296635546943808, "total_stays": 5677, "total_cases": 471}, "test": {"tp_prevalence": 0.03606695568400771, "case_prevalence": 0.08296635546943808, "total_stays": 5677, "total_cases": 471}}, "hirid": {"train": {"tp_prevalence": 0.2018248565420394, "case_prevalence": 0.37283475391806437, "total_stays": 21822, "total_cases": 8136}, "validation": {"tp_prevalence": 0.20503166181755947, "case_prevalence": 0.37280058651026393, "total_stays": 2728, "total_cases": 1017}, "test": {"tp_prevalence": 0.19902901735659506, "case_prevalence": 0.37280058651026393, "total_stays": 2728, "total_cases": 1017}}, "aumc": {"train": {"tp_prevalence": 0.05564717566671789, "case_prevalence": 0.0804797222660565, "total_stays": 12674, "total_cases": 1020}, "validation": {"tp_prevalence": 0.0583602349189063, "case_prevalence": 0.08012618296529968, "total_stays": 1585, "total_cases": 127}, "test": {"tp_prevalence": 0.059930561035271834, "case_prevalence": 0.08075709779179811, "total_stays": 1585, "total_cases": 128}}}